"i","Age","FEV","Ht","Female","Male"
1,9,1.953,58,0,1
2,10,3.0622,65.6,4,1
3,11,3.13188888888889,65.2777777777778,6,3
4,12,3.08028571428571,66.8571428571429,4,3
5,13,3.38346153846154,65.6153846153846,10,3
6,14,3.43471428571429,67.1428571428571,3,4
7,15,3.0907,65.3,7,3
8,16,3.60085714285714,66.3571428571429,3,4
9,17,3.244,68,0,2
10,18,4.245,68.75,0,2
11,19,3.432,65.75,2,0
