"i","Ht","FEV","Female","Male"
"1",47,1.05725,2,2
"2",47,1.05725,2,2
"3",47,1.05725,2,2
"4",47,1.05725,2,2
"5",49,1.308818182,7,4
"6",51,1.549478261,12,11
"7",53,1.622930233,18,25
"8",55,1.775325,18,22
"9",57,1.942018182,25,30
"10",59,2.228882353,37,31
"11",61,2.529662921,56,33
"12",63,2.783220779,52,25
"13",65,2.935289855,33,36
"14",67,3.390934783,16,30
"15",69,3.863321429,2,26
"16",71,4.08816,1,24
"17",73,4.516090909,0,11
