"i","Ht","FEV","Female","Male"
"1",59,1.953,0,1
"2",59,1.953,0,1
"3",59,1.953,0,1
"4",59,1.953,0,1
"5",61,2.6118,4,1
"6",63,2.802909091,11,0
"7",65,3.1776,10,0
"8",67,3.066764706,11,6
"9",69,3.8076,3,12
"10",71,4.455,0,2
"11",73,4.30425,0,4
